<?xml version="1.0" encoding="UTF-8" ?>
<panoramaStudioViewer version="3.0">
    <image projection="cubic" multilevel="true" baseindex="1">
      <bitmap width="3033" height="3033" tilesize="880"> 
        <front src="Stuebenwasen_01_Panorama_tiles/Stuebenwasen_01_Panorama_t_1f_%0y_%0x.jpg"/>
        <back src="Stuebenwasen_01_Panorama_tiles/Stuebenwasen_01_Panorama_t_1b_%0y_%0x.jpg"/>
        <left src="Stuebenwasen_01_Panorama_tiles/Stuebenwasen_01_Panorama_t_1l_%0y_%0x.jpg"/>
        <right src="Stuebenwasen_01_Panorama_tiles/Stuebenwasen_01_Panorama_t_1r_%0y_%0x.jpg"/>
        <up src="Stuebenwasen_01_Panorama_tiles/Stuebenwasen_01_Panorama_t_1u_%0y_%0x.jpg"/>
        <down src="Stuebenwasen_01_Panorama_tiles/Stuebenwasen_01_Panorama_t_1d_%0y_%0x.jpg"/>
      </bitmap>
      <bitmap width="1517" height="1517" tilesize="880"> 
        <front src="Stuebenwasen_01_Panorama_tiles/Stuebenwasen_01_Panorama_t_2f_%0y_%0x.jpg"/>
        <back src="Stuebenwasen_01_Panorama_tiles/Stuebenwasen_01_Panorama_t_2b_%0y_%0x.jpg"/>
        <left src="Stuebenwasen_01_Panorama_tiles/Stuebenwasen_01_Panorama_t_2l_%0y_%0x.jpg"/>
        <right src="Stuebenwasen_01_Panorama_tiles/Stuebenwasen_01_Panorama_t_2r_%0y_%0x.jpg"/>
        <up src="Stuebenwasen_01_Panorama_tiles/Stuebenwasen_01_Panorama_t_2u_%0y_%0x.jpg"/>
        <down src="Stuebenwasen_01_Panorama_tiles/Stuebenwasen_01_Panorama_t_2d_%0y_%0x.jpg"/>
      </bitmap>
      <preview src="Stuebenwasen_01_Panorama_tiles/Stuebenwasen_01_Panorama_preview.jpg" />
      <fallback projection="cylindrical"> 
        <small stripe_width="140" stripe_height="602" overlap="2"> 
          <face num="0" src="Stuebenwasen_01_Panorama_tiles/Stuebenwasen_01_Panorama-577_s_f0.jpg"/>
          <face num="1" src="Stuebenwasen_01_Panorama_tiles/Stuebenwasen_01_Panorama-577_s_f1.jpg"/>
          <face num="2" src="Stuebenwasen_01_Panorama_tiles/Stuebenwasen_01_Panorama-577_s_f2.jpg"/>
          <face num="3" src="Stuebenwasen_01_Panorama_tiles/Stuebenwasen_01_Panorama-577_s_f3.jpg"/>
          <face num="4" src="Stuebenwasen_01_Panorama_tiles/Stuebenwasen_01_Panorama-577_s_f4.jpg"/>
          <face num="5" src="Stuebenwasen_01_Panorama_tiles/Stuebenwasen_01_Panorama-577_s_f5.jpg"/>
          <face num="6" src="Stuebenwasen_01_Panorama_tiles/Stuebenwasen_01_Panorama-577_s_f6.jpg"/>
          <face num="7" src="Stuebenwasen_01_Panorama_tiles/Stuebenwasen_01_Panorama-577_s_f7.jpg"/>
          <face num="8" src="Stuebenwasen_01_Panorama_tiles/Stuebenwasen_01_Panorama-577_s_f8.jpg"/>
          <face num="9" src="Stuebenwasen_01_Panorama_tiles/Stuebenwasen_01_Panorama-577_s_f9.jpg"/>
          <face num="10" src="Stuebenwasen_01_Panorama_tiles/Stuebenwasen_01_Panorama-577_s_f10.jpg"/>
          <face num="11" src="Stuebenwasen_01_Panorama_tiles/Stuebenwasen_01_Panorama-577_s_f11.jpg"/>
          <face num="12" src="Stuebenwasen_01_Panorama_tiles/Stuebenwasen_01_Panorama-577_s_f12.jpg"/>
          <face num="13" src="Stuebenwasen_01_Panorama_tiles/Stuebenwasen_01_Panorama-577_s_f13.jpg"/>
          <face num="14" src="Stuebenwasen_01_Panorama_tiles/Stuebenwasen_01_Panorama-577_s_f14.jpg"/>
          <face num="15" src="Stuebenwasen_01_Panorama_tiles/Stuebenwasen_01_Panorama-577_s_f15.jpg"/>
          <face num="16" src="Stuebenwasen_01_Panorama_tiles/Stuebenwasen_01_Panorama-577_s_f16.jpg"/>
          <face num="17" src="Stuebenwasen_01_Panorama_tiles/Stuebenwasen_01_Panorama-577_s_f17.jpg"/>
          <face num="18" src="Stuebenwasen_01_Panorama_tiles/Stuebenwasen_01_Panorama-577_s_f18.jpg"/>
          <face num="19" src="Stuebenwasen_01_Panorama_tiles/Stuebenwasen_01_Panorama-577_s_f19.jpg"/>
          <face num="20" src="Stuebenwasen_01_Panorama_tiles/Stuebenwasen_01_Panorama-577_s_f20.jpg"/>
          <face num="21" src="Stuebenwasen_01_Panorama_tiles/Stuebenwasen_01_Panorama-577_s_f21.jpg"/>
          <face num="22" src="Stuebenwasen_01_Panorama_tiles/Stuebenwasen_01_Panorama-577_s_f22.jpg"/>
          <face num="23" src="Stuebenwasen_01_Panorama_tiles/Stuebenwasen_01_Panorama-577_s_f23.jpg"/>
        </small> 
        <medium stripe_width="289" stripe_height="1263" overlap="2"> 
          <face num="0" src="Stuebenwasen_01_Panorama_tiles/Stuebenwasen_01_Panorama-577_m_f0.jpg"/>
          <face num="1" src="Stuebenwasen_01_Panorama_tiles/Stuebenwasen_01_Panorama-577_m_f1.jpg"/>
          <face num="2" src="Stuebenwasen_01_Panorama_tiles/Stuebenwasen_01_Panorama-577_m_f2.jpg"/>
          <face num="3" src="Stuebenwasen_01_Panorama_tiles/Stuebenwasen_01_Panorama-577_m_f3.jpg"/>
          <face num="4" src="Stuebenwasen_01_Panorama_tiles/Stuebenwasen_01_Panorama-577_m_f4.jpg"/>
          <face num="5" src="Stuebenwasen_01_Panorama_tiles/Stuebenwasen_01_Panorama-577_m_f5.jpg"/>
          <face num="6" src="Stuebenwasen_01_Panorama_tiles/Stuebenwasen_01_Panorama-577_m_f6.jpg"/>
          <face num="7" src="Stuebenwasen_01_Panorama_tiles/Stuebenwasen_01_Panorama-577_m_f7.jpg"/>
          <face num="8" src="Stuebenwasen_01_Panorama_tiles/Stuebenwasen_01_Panorama-577_m_f8.jpg"/>
          <face num="9" src="Stuebenwasen_01_Panorama_tiles/Stuebenwasen_01_Panorama-577_m_f9.jpg"/>
          <face num="10" src="Stuebenwasen_01_Panorama_tiles/Stuebenwasen_01_Panorama-577_m_f10.jpg"/>
          <face num="11" src="Stuebenwasen_01_Panorama_tiles/Stuebenwasen_01_Panorama-577_m_f11.jpg"/>
          <face num="12" src="Stuebenwasen_01_Panorama_tiles/Stuebenwasen_01_Panorama-577_m_f12.jpg"/>
          <face num="13" src="Stuebenwasen_01_Panorama_tiles/Stuebenwasen_01_Panorama-577_m_f13.jpg"/>
          <face num="14" src="Stuebenwasen_01_Panorama_tiles/Stuebenwasen_01_Panorama-577_m_f14.jpg"/>
          <face num="15" src="Stuebenwasen_01_Panorama_tiles/Stuebenwasen_01_Panorama-577_m_f15.jpg"/>
          <face num="16" src="Stuebenwasen_01_Panorama_tiles/Stuebenwasen_01_Panorama-577_m_f16.jpg"/>
          <face num="17" src="Stuebenwasen_01_Panorama_tiles/Stuebenwasen_01_Panorama-577_m_f17.jpg"/>
          <face num="18" src="Stuebenwasen_01_Panorama_tiles/Stuebenwasen_01_Panorama-577_m_f18.jpg"/>
          <face num="19" src="Stuebenwasen_01_Panorama_tiles/Stuebenwasen_01_Panorama-577_m_f19.jpg"/>
          <face num="20" src="Stuebenwasen_01_Panorama_tiles/Stuebenwasen_01_Panorama-577_m_f20.jpg"/>
          <face num="21" src="Stuebenwasen_01_Panorama_tiles/Stuebenwasen_01_Panorama-577_m_f21.jpg"/>
          <face num="22" src="Stuebenwasen_01_Panorama_tiles/Stuebenwasen_01_Panorama-577_m_f22.jpg"/>
          <face num="23" src="Stuebenwasen_01_Panorama_tiles/Stuebenwasen_01_Panorama-577_m_f23.jpg"/>
        </medium> 
        <preview src="Stuebenwasen_01_Panorama_tiles/Stuebenwasen_01_Panorama-577_fb_preview.jpg" />
      </fallback> 
    </image>
    <camera minpan="0.00" maxpan="360.00" mintilt="-30.11" maxtilt="30.11" maxzoom="1.5"     />
    <view pan="180.00" tilt="0.00" hfov="90.00" />
        <autoplay status="off" pan="2.00" tilt="0.00" zoom="1.00" restart="5.00" />
    <toolbar visible="true" layout="0" design="12" 
      fullscreenbutton="true" playbutton="true" 
      buttonwidth="24" buttonheight="20" dpidependent="true" touchzoomonly="true"
      align="leftbottom"  xoff="4" yoff="-4" 
    />
    <textbox text="Stübenwasen (Schwarzwald)" align="top" width="66%" style=" color:#ffffff; font-family: Arial,Helvetica,sans-serif; font-size: 12px; font-weight: bold; text-align:center; " filters="glow, #000000 ,1,2.0,2.0,3,1 ; glow,#000000,0.5,5.0,5.0,1,1" />    <progress type="progressBar" text="Laden: %d%" style=" color:#ffffff; font-family: Arial,Helvetica,sans-serif; font-size: 12px; font-weight: bold; text-align:center; " filters="glow, #000000 ,1,2.0,2.0,3,1 ; glow,#000000,0.5,5.0,5.0,1,1"/>    <strings lang="de" />
</panoramaStudioViewer>
