<?xml version="1.0" encoding="UTF-8" ?>
<panoramaStudioViewer version="3.0">
    <image projection="cylindrical" multilevel="true" baseindex="1">
      <bitmap width="9500" height="1651" tilesize="826" src="Stuebenwasen_02_Panorama_tiles/Stuebenwasen_02_Panorama_t_1_%0y_%0x.jpg" />
      <bitmap width="4750" height="826" tilesize="826" src="Stuebenwasen_02_Panorama_tiles/Stuebenwasen_02_Panorama_t_2_%0y_%0x.jpg" />
      <preview src="Stuebenwasen_02_Panorama_tiles/Stuebenwasen_02_Panorama_preview.jpg" />
    </image>
    <camera minpan="0.00" maxpan="360.00" mintilt="-28.63" maxtilt="28.63" maxzoom="1.5"     />
    <view pan="180.00" tilt="0.00" hfov="85.90" />
        <autoplay status="off" pan="2.00" tilt="0.00" zoom="1.00" restart="5.00" />
    <toolbar visible="true" layout="0" design="12" 
      fullscreenbutton="true" playbutton="true" 
      buttonwidth="24" buttonheight="20" dpidependent="true" touchzoomonly="true"
      align="leftbottom"  xoff="4" yoff="-4" 
    />
    <progress type="progressBar" text="Laden: %d%" style=" color:#ffffff; font-family: Arial,Helvetica,sans-serif; font-size: 12px; font-weight: bold; text-align:center; " filters="glow, #000000 ,1,2.0,2.0,3,1 ; glow,#000000,0.5,5.0,5.0,1,1"/>    <strings lang="de" />
</panoramaStudioViewer>
